chromosome	predicted	target	matched predicted	matched target	precision	recall	F1 score
chr4	41.0	214.0	25.0	26.0	0.6097560975609756	0.12149532710280374	0.20261845386533667
chr14	36.0	129.0	25.0	25.0	0.6944444444444444	0.1937984496124031	0.30303030303030304
chr16	109.0	182.0	60.0	62.0	0.5504587155963303	0.34065934065934067	0.42086208847154655
chr20	78.0	171.0	56.0	58.0	0.717948717948718	0.3391812865497076	0.460709219858156
average	66.0	174.0	41.5	42.75	0.643151993887617	0.24878360098106378	0.34680501630633553
standard error	17.1221104618171	17.55467648994611	9.561206339508978	9.994790309622974	0.038657464939132136	0.05464930972081544	0.058569479989872386
overall	264.0	696.0	166.0	171.0	0.6287878787878788	0.24568965517241378	0.3533233756534727
