chromosome	predicted	target	matched predicted	matched target	precision	recall	F1 score
chr4	131.0	214.0	24.0	26.0	0.183206106870229	0.12149532710280374	0.1461016155467104
chr14	78.0	129.0	28.0	27.0	0.358974358974359	0.20930232558139536	0.2644281217208814
chr16	196.0	182.0	50.0	49.0	0.25510204081632654	0.2692307692307692	0.2619760479041916
chr20	78.0	171.0	46.0	46.0	0.5897435897435898	0.26900584795321636	0.3694779116465864
average	120.75	174.0	37.0	37.0	0.3467565241011261	0.21725856746704617	0.26049592420459244
standard error	28.02194080834992	17.55467648994611	6.454972243679028	6.096447052723961	0.0886666382398742	0.03489602506480999	0.04562600170918163
overall	483.0	696.0	148.0	148.0	0.3064182194616977	0.21264367816091953	0.2510602205258694
