chromosome	predicted	target	matched predicted	matched target	precision	recall	F1 score
chr4	494.0	552.0	149.0	146.0	0.3016194331983806	0.2644927536231884	0.28183867540745733
chr14	220.0	342.0	96.0	97.0	0.43636363636363634	0.28362573099415206	0.3437938418371114
chr16	231.0	283.0	96.0	93.0	0.4155844155844156	0.3286219081272085	0.3670222605907381
chr20	141.0	271.0	82.0	80.0	0.5815602836879432	0.2952029520295203	0.3916184108411438
average	271.5	362.0	105.75	104.0	0.43378194220859395	0.2929858361935173	0.34606829716911264
standard error	76.8271870282042	65.20608356076397	14.789495145767035	14.462595433277757	0.05747693893946347	0.013460784242867103	0.023531005959004304
overall	1086.0	1448.0	423.0	416.0	0.38950276243093923	0.287292817679558	0.3306798962678994
