chromosome	predicted	target	matched predicted	matched target	precision	recall	F1 score
chr4	262.0	552.0	180.0	183.0	0.6870229007633588	0.33152173913043476	0.4472322919636675
chr14	195.0	342.0	138.0	140.0	0.7076923076923077	0.4093567251461988	0.5186855670103093
chr16	240.0	283.0	130.0	132.0	0.5416666666666666	0.4664310954063604	0.5012414195998247
chr20	148.0	271.0	124.0	127.0	0.8378378378378378	0.46863468634686345	0.6010687022900763
average	211.25	362.0	143.0	145.5	0.6935549282400427	0.4189860615074643	0.5170569952159694
standard error	25.276388850730505	65.20608356076397	12.662279942148386	12.783452846029771	0.060642487090681256	0.03222156239453914	0.031867225572073346
overall	845.0	1448.0	572.0	582.0	0.676923076923077	0.40193370165745856	0.5043824230367729
