chromosome	predicted	target	matched predicted	matched target	precision	recall	F1 score
chr4	246.0	214.0	31.0	32.0	0.12601626016260162	0.14953271028037382	0.13677099131393905
chr14	102.0	129.0	18.0	18.0	0.17647058823529413	0.13953488372093023	0.15584415584415587
chr16	356.0	182.0	38.0	38.0	0.10674157303370786	0.2087912087912088	0.14126394052044608
chr20	115.0	171.0	35.0	34.0	0.30434782608695654	0.19883040935672514	0.2405255179383527
average	204.75	174.0	30.5	30.5	0.17839406187964002	0.1741723030373095	0.16860115140422344
standard error	59.99357604499557	17.55467648994611	4.406434688800762	4.349329450233296	0.04448367091733269	0.017352596325870297	0.024317924848645776
overall	819.0	696.0	122.0	122.0	0.14896214896214896	0.1752873563218391	0.16105610561056108
