chromosome	predicted	target	matched predicted	matched target	precision	recall	F1 score
chr4	319.0	552.0	161.0	160.0	0.5047021943573667	0.2898550724637681	0.36823145977471555
chr14	286.0	342.0	128.0	131.0	0.44755244755244755	0.3830409356725146	0.41279141330838726
chr16	377.0	283.0	125.0	128.0	0.33156498673740054	0.45229681978798586	0.3826332340878382
chr20	228.0	271.0	117.0	116.0	0.5131578947368421	0.4280442804428044	0.46675264379675
average	302.5	362.0	132.75	133.75	0.44924438084601426	0.3883092770917682	0.40760218774192275
standard error	31.15151146680794	65.20608356076397	9.698582370635412	9.330728803260762	0.041844761493498514	0.03581696751290868	0.021792979337241756
overall	1210.0	1448.0	531.0	535.0	0.4388429752066116	0.369475138121547	0.4011825695963532
