chromosome	predicted	target	matched predicted	matched target	precision	recall	F1 score
chr4	497.0	552.0	167.0	167.0	0.33601609657947684	0.302536231884058	0.31839847473784555
chr14	313.0	342.0	116.0	116.0	0.3706070287539936	0.3391812865497076	0.3541984732824427
chr16	630.0	283.0	103.0	103.0	0.1634920634920635	0.36395759717314485	0.22562979189485216
chr20	225.0	271.0	125.0	125.0	0.5555555555555556	0.4612546125461255	0.5040322580645162
average	416.25	362.0	127.75	127.75	0.35641768609527236	0.36673243203825895	0.3505647494949142
standard error	91.03421975645568	65.20608356076397	13.840610535666409	13.840610535666409	0.08036051539254949	0.03393911220659226	0.05788558614298371
overall	1665.0	1448.0	511.0	511.0	0.3069069069069069	0.35290055248618785	0.3283006745904273
