chromosome	predicted	target	matched predicted	matched target	precision	recall	F1 score
chr4	373.0	552.0	165.0	169.0	0.44235924932975873	0.3061594202898551	0.36186793150658264
chr14	337.0	342.0	128.0	132.0	0.3798219584569733	0.38596491228070173	0.3828687967369136
chr16	382.0	283.0	134.0	133.0	0.3507853403141361	0.46996466431095407	0.40172211703182764
chr20	224.0	271.0	112.0	111.0	0.5	0.4095940959409594	0.4503042596348885
average	329.0	362.0	134.75	136.25	0.41824163702521705	0.3929207732056176	0.3991907762275531
standard error	36.32492257390234	65.20608356076397	11.100863329789565	12.037268516292778	0.03328226856106353	0.03389896410495468	0.01888208503859736
overall	1316.0	1448.0	539.0	545.0	0.4095744680851064	0.3763812154696133	0.39227691674923815
