chromosome	predicted	target	matched predicted	matched target	precision	recall	F1 score
chr4	93.0	214.0	14.0	16.0	0.15053763440860216	0.07476635514018691	0.0999107939339875
chr14	59.0	129.0	13.0	13.0	0.22033898305084745	0.10077519379844961	0.13829787234042554
chr16	77.0	182.0	50.0	50.0	0.6493506493506493	0.27472527472527475	0.3861003861003861
chr20	60.0	171.0	45.0	45.0	0.75	0.2631578947368421	0.3896103896103896
average	72.25	174.0	30.5	31.0	0.4425568167025247	0.17835617960018835	0.25347986049629717
standard error	8.055795015597985	17.55467648994611	9.869988179661952	9.600347215943113	0.15053819244016928	0.05262128409285354	0.07797973741553316
overall	289.0	696.0	122.0	124.0	0.42214532871972316	0.1781609195402299	0.25057143803624077
