chromosome	predicted	target	matched predicted	matched target	precision	recall	F1 score
chr4	146.0	214.0	16.0	16.0	0.1095890410958904	0.07476635514018691	0.08888888888888889
chr14	65.0	129.0	11.0	11.0	0.16923076923076924	0.08527131782945736	0.1134020618556701
chr16	168.0	182.0	30.0	30.0	0.17857142857142858	0.16483516483516483	0.17142857142857143
chr20	74.0	171.0	23.0	22.0	0.3108108108108108	0.1286549707602339	0.1819816579751843
average	113.25	174.0	20.0	19.75	0.19205051242722476	0.11338195214126076	0.13892529503707868
standard error	25.720857295199163	17.55467648994611	4.143267631552018	4.090130397269342	0.042432622186464264	0.02074060085802103	0.022482198027733716
overall	453.0	696.0	80.0	79.0	0.17660044150110377	0.11350574712643678	0.1381919162102179
