chromosome	predicted	target	matched predicted	matched target	precision	recall	F1 score
chr4	210.0	552.0	130.0	133.0	0.6190476190476191	0.24094202898550723	0.3468753134717625
chr14	179.0	342.0	125.0	130.0	0.6983240223463687	0.38011695906432746	0.4922750681611633
chr16	278.0	283.0	121.0	123.0	0.4352517985611511	0.43462897526501765	0.4349401639464033
chr20	136.0	271.0	116.0	118.0	0.8529411764705882	0.4354243542435424	0.5765310420352118
average	200.75	362.0	123.0	126.0	0.6513911541064318	0.3727780793895987	0.4626553969036352
standard error	29.886939734048827	65.20608356076397	2.972092416687835	3.391164991562634	0.08688470852795346	0.04581183654789999	0.048320241908284704
overall	803.0	1448.0	492.0	504.0	0.6127023661270237	0.34806629834254144	0.4439383848583152
