{
    "K562": [
        1,
        0.03677573,
        0.00999377,
        0.13614401,
        0.02348708
    ],
    "GM12878": [
        1,
        0.07357279, 
        0.00981671,
        0.1605008,
        0.03094175
    ]
}