{
    "K562": [
        1,
        0.02538411,
        0.02542938,
        0.13817617,
        0.01882942
    ],
    "GM12878": [
        1,
        0.04131605,
        0.04834901,
        0.14841410,
        0.02411822
    ]
}