{
    "K562": [1.00000000, 0.02538411, 0.00929428, 0.05254803, 0.01441224],
    "GM12878": [1.00000000, 0.04131605, 0.00885097, 0.04670464, 0.01889815]
}