{
    "K562": [1.00000000, 0.03677573, 0.00923444, 0.05533185, 0.01635537],
    "GM12878": [1.00000000, 0.07357279, 0.00976029, 0.05042816, 0.02162155]
}