{
    "K562": [
        1,
        0.035779129452585,
        0.009694478875384,
        0.04922110764918,
        0.013874526561872
    ],
    "GM12878": [
        1,
        0.072986629947397,
        0.008435902683808,
        0.038112261562693,
        0.018152360258719
    ]
}