{
    "K562": [
        1,
        0.035779129452585,
        0.009994454264768,
        0.136775029550876,
        0.022922722050868
    ],
    "GM12878": [
        1,
        0.072986629947397,
        0.009831300898402,
        0.15943821113032,
        0.031014444455153
    ]
}