{
    "K562": [1.00000000, 0.03577913, 0.01369790, 0.06485867, 0.01803705],
    "GM12878": [1.00000000, 0.07298663, 0.01020908, 0.05526530, 0.02368629] 
}